device,channel,timepoint,mean_Vpeak,mean_Ibg,bg_charge,bg_cap,bg_switch,R_s_f00,R_s_f01,R_s_f02,R_s_f03,R_s_f04,R_s_f05,R_s_f06,R_s_f07,R_s_f08,R_s_f09,R_s_f10,R_s_f11,R_s_f12,R_s_f13,R_s_f14,R_s_f15,R_s_f16,R_s_f17,R_p_f00,R_p_f01,R_p_f02,R_p_f03,R_p_f04,R_p_f05,R_p_f06,R_p_f07,R_p_f08,R_p_f09,R_p_f10,R_p_f11,R_p_f12,R_p_f13,R_p_f14,R_p_f15,R_p_f16,R_p_f17,C_s_f00,C_s_f01,C_s_f02,C_s_f03,C_s_f04,C_s_f05,C_s_f06,C_s_f07,C_s_f08,C_s_f09,C_s_f10,C_s_f11,C_s_f12,C_s_f13,C_s_f14,C_s_f15,C_s_f16,C_s_f17,C_p_f00,C_p_f01,C_p_f02,C_p_f03,C_p_f04,C_p_f05,C_p_f06,C_p_f07,C_p_f08,C_p_f09,C_p_f10,C_p_f11,C_p_f12,C_p_f13,C_p_f14,C_p_f15,C_p_f16,C_p_f17,ideality_C_f00,ideality_C_f01,ideality_C_f02,ideality_C_f03,ideality_C_f04,ideality_C_f05,ideality_C_f06,ideality_C_f07,ideality_C_f08,ideality_C_f09,ideality_C_f10,ideality_C_f11,ideality_C_f12,ideality_C_f13,ideality_C_f14,ideality_C_f15,ideality_C_f16,ideality_C_f17,tau_f00,tau_f01,tau_f02,tau_f03,tau_f04,tau_f05,tau_f06,tau_f07,tau_f08,tau_f09,tau_f10,tau_f11,tau_f12,tau_f13,tau_f14,tau_f15,tau_f16,tau_f17,local_n_f00,local_n_f01,local_n_f02,local_n_f03,local_n_f04,local_n_f05,local_n_f06,local_n_f07,local_n_f08,local_n_f09,local_n_f10,local_n_f11,local_n_f12,local_n_f13,local_n_f14,local_n_f15,local_n_f16,local_n_f17,R_s_integral,R_p_integral,C_s_integral,C_p_integral,f_ideality_crossover,ideality_C_band_LF,n_band_LF,ideality_C_band_MF,n_band_MF,ideality_C_band_HF,n_band_HF,tau_ratio,min_neg_phase,inductive_onset_hz,sensitivity,sensitivity_intercept,sensitivity_curvature,dose_response_r,n_conc,sat_imax,sat_kd,sat_logkd,hill_imax,hill_kd,hill_n,power_a,power_beta
2-2,3,0.0,0.768690828402,28.19089733100241,16.09101765316757,10.070779613903893,24.849222354312424,249750.66666666666,131030.8,68158.98999999999,39489.80333333334,25139.39333333333,18133.600000000002,15111.416666666666,13529.200000000003,12818.75,12631.279999999999,12530.893333333333,12633.023333333333,12325.340000000002,12582.62,12597.953333333333,12613.480000000001,12516.706666666667,12412.159999999998,2079372.6933922719,1889209.675858611,1747402.301698933,1434588.267380044,1047837.7644603396,698150.1156664975,388067.89721406816,210148.05480395077,112379.00314044229,57231.45872476106,33044.64169515626,22134.935664617453,16777.332437581044,14587.823195226749,13557.872577491202,13036.480890803254,12724.285841397834,12509.448698749407,1.0928302745104763e-07,1.0485806997113677e-07,1.0135263932664977e-07,9.952721756182931e-08,9.925878458710105e-08,9.764540207317939e-08,9.840225855727878e-08,9.758238880444224e-08,9.598151804682825e-08,9.842259193602487e-08,9.926738997050783e-08,9.896790692556764e-08,9.972638412422808e-08,1.0019714581134172e-07,9.860208594072378e-08,1.0113434734248767e-07,9.873774486969197e-08,9.867307537137561e-08,9.615718952503139e-08,9.758537971851585e-08,9.739928895986689e-08,9.678753932996398e-08,9.687739911679509e-08,9.510918153364136e-08,9.457046123347223e-08,9.130009579989979e-08,8.503318205807446e-08,7.670021503403962e-08,6.162409861107478e-08,4.248417024860064e-08,2.64631525661286e-08,1.3772831919106615e-08,6.9811867066627386e-09,3.281554230394905e-09,1.6107701328262286e-09,7.674019323843616e-10,0.8798913405661659,0.9306425318087315,0.9609941054022125,0.9724730752151958,0.9760083152316229,0.9740262164352881,0.9610598640723667,0.9356206270259246,0.8859328732078167,0.7792948095077104,0.6207889482072931,0.42927219104019637,0.2653575861445426,0.13745732782687323,0.07080161276567305,0.03244747523096229,0.016313620844308572,0.00777721713340841,0.19994663417169567,0.18435924358655684,0.1701957417123109,0.1388502683513509,0.10151179731727464,0.06640048608865763,0.03669976002943812,0.0191865375357633,0.00955594423354615,0.004389665190900937,0.002036346258389942,0.00094038437521743,0.00044398110794836534,0.00020091563693350282,9.465003980860885e-05,4.2779919016677766e-05,2.049589959486729e-05,9.599775104483333e-06,0.9577407959729877,0.9607509905153471,0.9667712323548692,0.9746716481924569,0.9836070591315895,0.9777194469164385,0.9611574576101631,0.9416413767743883,0.8817991957425395,0.7788726864850037,0.6351947134888789,0.4479517216343609,0.27317655306007893,0.14898063935166306,0.09115589809404234,0.05303398406724469,-0.0054745059615566305,-0.034728750241333685,92487.43617770368,1459469.7207996303,2.8227364026743823e-07,1.726737950121674e-07,127.3843376314226,0.7585957145414179,0.7645689123159379,0.05295945076024511,0.05059345306201195,,,20828.26232859514,0.007324549778417848,1000000.0,0.018446099743284927,-0.027244791537287733,0.020793740121484654,0.9584510126506123,4,0.04486920640483564,542.1374473642975,2.7341094065832787,0.20881082455908706,499999.9999171555,0.306007315750021,0.004652146012621973,0.2546706208965182
2-2,3,1.0,0.8365502958580001,29.26815963286721,16.053210573003536,10.006960620799028,24.841372331002404,249750.66666666666,131030.8,68158.98999999999,39489.80333333334,25139.39333333333,18133.600000000002,15111.416666666666,13529.200000000003,12818.75,12631.279999999999,12530.893333333333,12633.023333333333,12325.340000000002,12582.62,12597.953333333333,12613.480000000001,12516.706666666667,12412.159999999998,2079372.6933922719,1889209.675858611,1747402.301698933,1434588.267380044,1047837.7644603396,698150.1156664975,388067.89721406816,210148.05480395077,112379.00314044229,57231.45872476106,33044.64169515626,22134.935664617453,16777.332437581044,14587.823195226749,13557.872577491202,13036.480890803254,12724.285841397834,12509.448698749407,1.0928302745104763e-07,1.0485806997113677e-07,1.0135263932664977e-07,9.952721756182931e-08,9.925878458710105e-08,9.764540207317939e-08,9.840225855727878e-08,9.758238880444224e-08,9.598151804682825e-08,9.842259193602487e-08,9.926738997050783e-08,9.896790692556764e-08,9.972638412422808e-08,1.0019714581134172e-07,9.860208594072378e-08,1.0113434734248767e-07,9.873774486969197e-08,9.867307537137561e-08,9.615718952503139e-08,9.758537971851585e-08,9.739928895986689e-08,9.678753932996398e-08,9.687739911679509e-08,9.510918153364136e-08,9.457046123347223e-08,9.130009579989979e-08,8.503318205807446e-08,7.670021503403962e-08,6.162409861107478e-08,4.248417024860064e-08,2.64631525661286e-08,1.3772831919106615e-08,6.9811867066627386e-09,3.281554230394905e-09,1.6107701328262286e-09,7.674019323843616e-10,0.8798913405661659,0.9306425318087315,0.9609941054022125,0.9724730752151958,0.9760083152316229,0.9740262164352881,0.9610598640723667,0.9356206270259246,0.8859328732078167,0.7792948095077104,0.6207889482072931,0.42927219104019637,0.2653575861445426,0.13745732782687323,0.07080161276567305,0.03244747523096229,0.016313620844308572,0.00777721713340841,0.19994663417169567,0.18435924358655684,0.1701957417123109,0.1388502683513509,0.10151179731727464,0.06640048608865763,0.03669976002943812,0.0191865375357633,0.00955594423354615,0.004389665190900937,0.002036346258389942,0.00094038437521743,0.00044398110794836534,0.00020091563693350282,9.465003980860885e-05,4.2779919016677766e-05,2.049589959486729e-05,9.599775104483333e-06,0.9577407959729877,0.9607509905153471,0.9667712323548692,0.9746716481924569,0.9836070591315895,0.9777194469164385,0.9611574576101631,0.9416413767743883,0.8817991957425395,0.7788726864850037,0.6351947134888789,0.4479517216343609,0.27317655306007893,0.14898063935166306,0.09115589809404234,0.05303398406724469,-0.0054745059615566305,-0.034728750241333685,92487.43617770368,1459469.7207996303,2.8227364026743823e-07,1.726737950121674e-07,127.3843376314226,0.7585957145414179,0.7645689123159379,0.05295945076024511,0.05059345306201195,,,20828.26232859514,0.007324549778417848,1000000.0,0.0216176257669688,-0.03601516084415534,0.011648699516784454,0.9310950352096372,4,0.05108352058317484,834.2804425231442,2.921312062828897,0.2825587399195539,499999.9819559015,0.36770113220600775,0.00342996138686665,0.29768065278621075
2-2,3,7.0,0.798850591716,28.772471493784074,16.11122710865765,10.054391838970282,25.015108997669067,249750.66666666666,131030.8,68158.98999999999,39489.80333333334,25139.39333333333,18133.600000000002,15111.416666666666,13529.200000000003,12818.75,12631.279999999999,12530.893333333333,12633.023333333333,12325.340000000002,12582.62,12597.953333333333,12613.480000000001,12516.706666666667,12412.159999999998,2079372.6933922719,1889209.675858611,1747402.301698933,1434588.267380044,1047837.7644603396,698150.1156664975,388067.89721406816,210148.05480395077,112379.00314044229,57231.45872476106,33044.64169515626,22134.935664617453,16777.332437581044,14587.823195226749,13557.872577491202,13036.480890803254,12724.285841397834,12509.448698749407,1.0928302745104763e-07,1.0485806997113677e-07,1.0135263932664977e-07,9.952721756182931e-08,9.925878458710105e-08,9.764540207317939e-08,9.840225855727878e-08,9.758238880444224e-08,9.598151804682825e-08,9.842259193602487e-08,9.926738997050783e-08,9.896790692556764e-08,9.972638412422808e-08,1.0019714581134172e-07,9.860208594072378e-08,1.0113434734248767e-07,9.873774486969197e-08,9.867307537137561e-08,9.615718952503139e-08,9.758537971851585e-08,9.739928895986689e-08,9.678753932996398e-08,9.687739911679509e-08,9.510918153364136e-08,9.457046123347223e-08,9.130009579989979e-08,8.503318205807446e-08,7.670021503403962e-08,6.162409861107478e-08,4.248417024860064e-08,2.64631525661286e-08,1.3772831919106615e-08,6.9811867066627386e-09,3.281554230394905e-09,1.6107701328262286e-09,7.674019323843616e-10,0.8798913405661659,0.9306425318087315,0.9609941054022125,0.9724730752151958,0.9760083152316229,0.9740262164352881,0.9610598640723667,0.9356206270259246,0.8859328732078167,0.7792948095077104,0.6207889482072931,0.42927219104019637,0.2653575861445426,0.13745732782687323,0.07080161276567305,0.03244747523096229,0.016313620844308572,0.00777721713340841,0.19994663417169567,0.18435924358655684,0.1701957417123109,0.1388502683513509,0.10151179731727464,0.06640048608865763,0.03669976002943812,0.0191865375357633,0.00955594423354615,0.004389665190900937,0.002036346258389942,0.00094038437521743,0.00044398110794836534,0.00020091563693350282,9.465003980860885e-05,4.2779919016677766e-05,2.049589959486729e-05,9.599775104483333e-06,0.9577407959729877,0.9607509905153471,0.9667712323548692,0.9746716481924569,0.9836070591315895,0.9777194469164385,0.9611574576101631,0.9416413767743883,0.8817991957425395,0.7788726864850037,0.6351947134888789,0.4479517216343609,0.27317655306007893,0.14898063935166306,0.09115589809404234,0.05303398406724469,-0.0054745059615566305,-0.034728750241333685,92487.43617770368,1459469.7207996303,2.8227364026743823e-07,1.726737950121674e-07,127.3843376314226,0.7585957145414179,0.7645689123159379,0.05295945076024511,0.05059345306201195,,,20828.26232859514,0.007324549778417848,1000000.0,0.014069815556581699,-0.021180366408457833,-0.0007229474141696245,0.9958401565645761,4,0.033858841684969186,502.06977355822045,2.700764076040715,0.035863529841135826,571.5073335870986,0.8374759147369918,0.0024449321201824247,0.30363909149190443
2-2,3,20.0,0.8491168639050001,29.51371248640257,16.077750480887783,10.05546617988092,24.855755089355156,249750.66666666666,131030.8,68158.98999999999,39489.80333333334,25139.39333333333,18133.600000000002,15111.416666666666,13529.200000000003,12818.75,12631.279999999999,12530.893333333333,12633.023333333333,12325.340000000002,12582.62,12597.953333333333,12613.480000000001,12516.706666666667,12412.159999999998,2079372.6933922719,1889209.675858611,1747402.301698933,1434588.267380044,1047837.7644603396,698150.1156664975,388067.89721406816,210148.05480395077,112379.00314044229,57231.45872476106,33044.64169515626,22134.935664617453,16777.332437581044,14587.823195226749,13557.872577491202,13036.480890803254,12724.285841397834,12509.448698749407,1.0928302745104763e-07,1.0485806997113677e-07,1.0135263932664977e-07,9.952721756182931e-08,9.925878458710105e-08,9.764540207317939e-08,9.840225855727878e-08,9.758238880444224e-08,9.598151804682825e-08,9.842259193602487e-08,9.926738997050783e-08,9.896790692556764e-08,9.972638412422808e-08,1.0019714581134172e-07,9.860208594072378e-08,1.0113434734248767e-07,9.873774486969197e-08,9.867307537137561e-08,9.615718952503139e-08,9.758537971851585e-08,9.739928895986689e-08,9.678753932996398e-08,9.687739911679509e-08,9.510918153364136e-08,9.457046123347223e-08,9.130009579989979e-08,8.503318205807446e-08,7.670021503403962e-08,6.162409861107478e-08,4.248417024860064e-08,2.64631525661286e-08,1.3772831919106615e-08,6.9811867066627386e-09,3.281554230394905e-09,1.6107701328262286e-09,7.674019323843616e-10,0.8798913405661659,0.9306425318087315,0.9609941054022125,0.9724730752151958,0.9760083152316229,0.9740262164352881,0.9610598640723667,0.9356206270259246,0.8859328732078167,0.7792948095077104,0.6207889482072931,0.42927219104019637,0.2653575861445426,0.13745732782687323,0.07080161276567305,0.03244747523096229,0.016313620844308572,0.00777721713340841,0.19994663417169567,0.18435924358655684,0.1701957417123109,0.1388502683513509,0.10151179731727464,0.06640048608865763,0.03669976002943812,0.0191865375357633,0.00955594423354615,0.004389665190900937,0.002036346258389942,0.00094038437521743,0.00044398110794836534,0.00020091563693350282,9.465003980860885e-05,4.2779919016677766e-05,2.049589959486729e-05,9.599775104483333e-06,0.9577407959729877,0.9607509905153471,0.9667712323548692,0.9746716481924569,0.9836070591315895,0.9777194469164385,0.9611574576101631,0.9416413767743883,0.8817991957425395,0.7788726864850037,0.6351947134888789,0.4479517216343609,0.27317655306007893,0.14898063935166306,0.09115589809404234,0.05303398406724469,-0.0054745059615566305,-0.034728750241333685,92487.43617770368,1459469.7207996303,2.8227364026743823e-07,1.726737950121674e-07,127.3843376314226,0.7585957145414179,0.7645689123159379,0.05295945076024511,0.05059345306201195,,,20828.26232859514,0.007324549778417848,1000000.0,0.02076104991854793,-0.04448044064279184,0.01663451641396405,0.8242540645322649,4,0.04478532555652541,1491.413936978821,3.1735981971727067,0.30054373610373536,499999.99999999994,0.44478010777452326,0.00244388672427408,0.29323153598478374
2-2,5,0.0,0.7862840236685,31.62321944055953,17.871853194780194,11.136570422418945,27.643165734265814,194970.33333333334,104481.06666666665,55462.56,32450.36,21974.936666666665,16388.436666666665,14503.386666666667,13415.156666666668,12941.566666666668,12667.589999999998,12429.866666666667,12499.283333333335,12293.89,12359.576666666668,12276.436666666666,12272.78,12621.223333333333,12526.996666666666,1970270.4491797672,1797292.6544575968,1614045.1018231285,1316418.6411654819,855868.0390573044,548598.5547629179,304375.1514844479,157812.59371552707,83023.39375970795,47385.33117860708,27998.16242163677,19501.204770051518,15710.708273663347,13974.578054608495,13016.324271747295,12617.7392833702,12777.580449797955,12596.526762867192,1.2556441511538923e-07,1.1967321942179635e-07,1.1662417646034135e-07,1.1444580319205067e-07,1.175712470896045e-07,1.1610293997972053e-07,1.1393287739629304e-07,1.1435165858164312e-07,1.1385636507059284e-07,1.1139457701573558e-07,1.1441062548659512e-07,1.1590505329730532e-07,1.1398065118135452e-07,1.1265016628281509e-07,1.1377174248454354e-07,1.1353542382639716e-07,1.132949571549045e-07,1.1618328404037638e-07,1.1313904687213907e-07,1.127163192277115e-07,1.126166828797245e-07,1.1162465846047563e-07,1.145525332333647e-07,1.1263456467659246e-07,1.0850400921547904e-07,1.0463098053657408e-07,9.610859938360992e-08,8.161530155726147e-08,6.361769134212722e-08,4.1615791787012844e-08,2.478889971201087e-08,1.3018652455029063e-08,6.467133141070616e-09,3.1039711283228213e-09,1.3863714558732304e-09,6.413065338005544e-10,0.9010438727259494,0.941867527023195,0.9656375401546382,0.9753495134562434,0.9743243868635744,0.970126722857028,0.9523502933930934,0.9149931171472359,0.8441214448047855,0.7326685350735924,0.556047054821678,0.3590507109320347,0.21748340139388458,0.1155670948797798,0.05684305258794123,0.027339230556526473,0.012236832871366815,0.005519783152089981,0.22291452070054016,0.20258421258546347,0.1817684053855879,0.14694478121110033,0.09804185198748656,0.061791159397929035,0.03302592424163136,0.016512086421475586,0.007979262090319472,0.003867368093532721,0.0017811784550864336,0.0008115580773063658,0.00038945117180050017,0.00018193017489862416,8.417830207273879e-05,3.9165098440285785e-05,1.771447281072372e-05,8.078234916220277e-06,0.9691706032849968,0.9711113351677021,0.9749926506674136,0.9868255498112983,0.9929091484680637,0.9805984088233117,0.9423984497168814,0.8978058841867878,0.8385355850536556,0.7223409509219625,0.5650382012875532,0.39729022952130144,0.2443330734390532,0.12479512284376426,0.0644521737395376,0.023340906426179586,-0.03588614814611368,-0.06549967630808826,79131.12391415611,1305308.1053430005,3.2606253909334287e-07,1.943153830580479e-07,111.53675201739595,0.7245739630318785,0.7312499923798411,0.04350119880954086,0.0222404757110559,,,27594.458815867114,0.0065954022232977355,1000000.0,0.02578420496684931,-0.05090442455353249,0.013964124811958916,0.9370556993838365,4,0.05668673442464173,1290.2350673827225,3.1106688414363806,0.342539265265486,499999.9999999999,0.410219267840828,0.002942784272562648,0.31571314501190173
2-2,5,1.0,0.916976331361,34.07985024281284,17.91796412621519,11.207348173557307,27.650653465423545,194970.33333333334,104481.06666666665,55462.56,32450.36,21974.936666666665,16388.436666666665,14503.386666666667,13415.156666666668,12941.566666666668,12667.589999999998,12429.866666666667,12499.283333333335,12293.89,12359.576666666668,12276.436666666666,12272.78,12621.223333333333,12526.996666666666,1970270.4491797672,1797292.6544575968,1614045.1018231285,1316418.6411654819,855868.0390573044,548598.5547629179,304375.1514844479,157812.59371552707,83023.39375970795,47385.33117860708,27998.16242163677,19501.204770051518,15710.708273663347,13974.578054608495,13016.324271747295,12617.7392833702,12777.580449797955,12596.526762867192,1.2556441511538923e-07,1.1967321942179635e-07,1.1662417646034135e-07,1.1444580319205067e-07,1.175712470896045e-07,1.1610293997972053e-07,1.1393287739629304e-07,1.1435165858164312e-07,1.1385636507059284e-07,1.1139457701573558e-07,1.1441062548659512e-07,1.1590505329730532e-07,1.1398065118135452e-07,1.1265016628281509e-07,1.1377174248454354e-07,1.1353542382639716e-07,1.132949571549045e-07,1.1618328404037638e-07,1.1313904687213907e-07,1.127163192277115e-07,1.126166828797245e-07,1.1162465846047563e-07,1.145525332333647e-07,1.1263456467659246e-07,1.0850400921547904e-07,1.0463098053657408e-07,9.610859938360992e-08,8.161530155726147e-08,6.361769134212722e-08,4.1615791787012844e-08,2.478889971201087e-08,1.3018652455029063e-08,6.467133141070616e-09,3.1039711283228213e-09,1.3863714558732304e-09,6.413065338005544e-10,0.9010438727259494,0.941867527023195,0.9656375401546382,0.9753495134562434,0.9743243868635744,0.970126722857028,0.9523502933930934,0.9149931171472359,0.8441214448047855,0.7326685350735924,0.556047054821678,0.3590507109320347,0.21748340139388458,0.1155670948797798,0.05684305258794123,0.027339230556526473,0.012236832871366815,0.005519783152089981,0.22291452070054016,0.20258421258546347,0.1817684053855879,0.14694478121110033,0.09804185198748656,0.061791159397929035,0.03302592424163136,0.016512086421475586,0.007979262090319472,0.003867368093532721,0.0017811784550864336,0.0008115580773063658,0.00038945117180050017,0.00018193017489862416,8.417830207273879e-05,3.9165098440285785e-05,1.771447281072372e-05,8.078234916220277e-06,0.9691706032849968,0.9711113351677021,0.9749926506674136,0.9868255498112983,0.9929091484680637,0.9805984088233117,0.9423984497168814,0.8978058841867878,0.8385355850536556,0.7223409509219625,0.5650382012875532,0.39729022952130144,0.2443330734390532,0.12479512284376426,0.0644521737395376,0.023340906426179586,-0.03588614814611368,-0.06549967630808826,79131.12391415611,1305308.1053430005,3.2606253909334287e-07,1.943153830580479e-07,111.53675201739595,0.7245739630318785,0.7312499923798411,0.04350119880954086,0.0222404757110559,,,27594.458815867114,0.0065954022232977355,1000000.0,0.020118058502275563,-0.03470407235966588,0.002790030206247173,0.9889263677648764,4,0.04603844460704942,790.9280810335198,2.898136994963801,0.06334766021520896,1963.767671365766,0.5723218693777244,0.002811669972737567,0.3181821303756164
2-2,5,7.0,0.89184319526625,33.59057013986023,17.899355151253218,11.13751715336399,27.764918912198986,194970.33333333334,104481.06666666665,55462.56,32450.36,21974.936666666665,16388.436666666665,14503.386666666667,13415.156666666668,12941.566666666668,12667.589999999998,12429.866666666667,12499.283333333335,12293.89,12359.576666666668,12276.436666666666,12272.78,12621.223333333333,12526.996666666666,1970270.4491797672,1797292.6544575968,1614045.1018231285,1316418.6411654819,855868.0390573044,548598.5547629179,304375.1514844479,157812.59371552707,83023.39375970795,47385.33117860708,27998.16242163677,19501.204770051518,15710.708273663347,13974.578054608495,13016.324271747295,12617.7392833702,12777.580449797955,12596.526762867192,1.2556441511538923e-07,1.1967321942179635e-07,1.1662417646034135e-07,1.1444580319205067e-07,1.175712470896045e-07,1.1610293997972053e-07,1.1393287739629304e-07,1.1435165858164312e-07,1.1385636507059284e-07,1.1139457701573558e-07,1.1441062548659512e-07,1.1590505329730532e-07,1.1398065118135452e-07,1.1265016628281509e-07,1.1377174248454354e-07,1.1353542382639716e-07,1.132949571549045e-07,1.1618328404037638e-07,1.1313904687213907e-07,1.127163192277115e-07,1.126166828797245e-07,1.1162465846047563e-07,1.145525332333647e-07,1.1263456467659246e-07,1.0850400921547904e-07,1.0463098053657408e-07,9.610859938360992e-08,8.161530155726147e-08,6.361769134212722e-08,4.1615791787012844e-08,2.478889971201087e-08,1.3018652455029063e-08,6.467133141070616e-09,3.1039711283228213e-09,1.3863714558732304e-09,6.413065338005544e-10,0.9010438727259494,0.941867527023195,0.9656375401546382,0.9753495134562434,0.9743243868635744,0.970126722857028,0.9523502933930934,0.9149931171472359,0.8441214448047855,0.7326685350735924,0.556047054821678,0.3590507109320347,0.21748340139388458,0.1155670948797798,0.05684305258794123,0.027339230556526473,0.012236832871366815,0.005519783152089981,0.22291452070054016,0.20258421258546347,0.1817684053855879,0.14694478121110033,0.09804185198748656,0.061791159397929035,0.03302592424163136,0.016512086421475586,0.007979262090319472,0.003867368093532721,0.0017811784550864336,0.0008115580773063658,0.00038945117180050017,0.00018193017489862416,8.417830207273879e-05,3.9165098440285785e-05,1.771447281072372e-05,8.078234916220277e-06,0.9691706032849968,0.9711113351677021,0.9749926506674136,0.9868255498112983,0.9929091484680637,0.9805984088233117,0.9423984497168814,0.8978058841867878,0.8385355850536556,0.7223409509219625,0.5650382012875532,0.39729022952130144,0.2443330734390532,0.12479512284376426,0.0644521737395376,0.023340906426179586,-0.03588614814611368,-0.06549967630808826,79131.12391415611,1305308.1053430005,3.2606253909334287e-07,1.943153830580479e-07,111.53675201739595,0.7245739630318785,0.7312499923798411,0.04350119880954086,0.0222404757110559,,,27594.458815867114,0.0065954022232977355,1000000.0,0.016763563451204253,-0.030752410887321995,0.004403880049607839,0.9810411361669666,4,0.036919284495401584,821.3623527911798,2.9145347930516667,0.08781041762798404,15814.810723054448,0.4824162378363333,0.0012485659248703993,0.3844960787270453
2-2,6,0.0,0.670671597633,31.04601747086256,18.763258652216447,11.716402160135033,29.142785454545535,176334.46666666667,91215.46666666667,49590.85333333333,29722.923333333336,20629.25,16316.543333333333,14424.453333333333,13227.506666666666,12832.906666666668,12932.323333333334,12593.25,12740.966666666667,12510.769999999999,12800.626666666665,12361.263333333334,12297.226666666667,12313.573333333334,12635.626666666669,1912160.7681620447,1864069.7101034638,1571625.7405259933,1233639.3038508992,846542.3478677256,522965.47006220114,275542.561797849,143104.3797213047,75225.82363464205,41864.84100675044,26226.425582951186,19115.841518864312,15346.295157535145,14137.984146964685,12990.107948115165,12596.71508807595,12449.179769184104,12698.89567748575,1.3352574175906573e-07,1.2515532351838818e-07,1.2480740547714753e-07,1.2349314649082301e-07,1.219301857473635e-07,1.1925755501543148e-07,1.203700826702922e-07,1.2142697570062932e-07,1.2117786221854782e-07,1.2076897710289937e-07,1.2146543367643447e-07,1.2031409889768397e-07,1.2403034833537462e-07,1.2164120498449043e-07,1.2298449075482665e-07,1.2172875245705143e-07,1.2316517557700647e-07,1.2127174563792842e-07,1.2121234695911518e-07,1.1903103472238936e-07,1.208692504951226e-07,1.2051774086465592e-07,1.1895888928397402e-07,1.1553671458593771e-07,1.1406879611449355e-07,1.1020316736072199e-07,1.0050591579401311e-07,8.346264981316261e-08,6.314087977153167e-08,4.0123126291394007e-08,2.291700826763517e-08,1.15064335698381e-08,5.953617554354526e-09,2.894115780072936e-09,1.3416137280204951e-09,6.042055609936416e-10,0.9077826145151184,0.9510664938267763,0.9684461433440662,0.9759063096963994,0.9756311659399425,0.9687999604803876,0.9476507250305825,0.9075674225175555,0.8294082265021951,0.6910934564101635,0.5198259114583118,0.33348648794282226,0.18476936149262604,0.09459322251292394,0.04840949877349368,0.023775120681484373,0.010892800840296608,0.004982245104293056,0.231777494472066,0.22188214638827966,0.18996122531621884,0.1486754219419572,0.10070373743419218,0.06042171225287728,0.03143080830258408,0.015770555908479252,0.007560640295758613,0.0034941505644301416,0.0016559595845701432,0.0007669873234276657,0.00035169117300280246,0.0001626777753984733,7.733813471285869e-05,3.645635191348344e-05,1.6701990480932415e-05,7.672743386815008e-06,0.9638393488818644,0.9646615028071395,0.9663056639459846,0.9734815881393128,0.9747342423097187,0.9711236473718827,0.9587078920766654,0.9180989418400305,0.8238240592419501,0.6848984248390142,0.5193049566739738,0.3508951643517957,0.21811193763494252,0.1304591694670325,0.07975093022604796,0.029723408015478014,-0.02699379431864557,-0.055352395930999866,73832.4859374074,1274978.6559860238,3.4685260947500533e-07,2.0198986481815707e-07,104.16763050142835,0.7064703019749541,0.7132999184822193,0.03653057758249833,0.03151746349178261,,,30207.903847059053,0.006133993243987772,1000000.0,0.01261761777936896,-0.01564085970438777,0.00872153579039636,0.9187713079528216,4,0.03462433287545972,475.80400952090343,2.677428097443716,0.17025915848829207,499999.99999999994,0.3087361809691797,0.004785007163866746,0.21930924654599632
2-2,6,1.0,0.7737174556214998,33.06796279720289,18.79723588663412,11.741673763505052,28.973199914529992,176334.46666666667,91215.46666666667,49590.85333333333,29722.923333333336,20629.25,16316.543333333333,14424.453333333333,13227.506666666666,12832.906666666668,12932.323333333334,12593.25,12740.966666666667,12510.769999999999,12800.626666666665,12361.263333333334,12297.226666666667,12313.573333333334,12635.626666666669,1912160.7681620447,1864069.7101034638,1571625.7405259933,1233639.3038508992,846542.3478677256,522965.47006220114,275542.561797849,143104.3797213047,75225.82363464205,41864.84100675044,26226.425582951186,19115.841518864312,15346.295157535145,14137.984146964685,12990.107948115165,12596.71508807595,12449.179769184104,12698.89567748575,1.3352574175906573e-07,1.2515532351838818e-07,1.2480740547714753e-07,1.2349314649082301e-07,1.219301857473635e-07,1.1925755501543148e-07,1.203700826702922e-07,1.2142697570062932e-07,1.2117786221854782e-07,1.2076897710289937e-07,1.2146543367643447e-07,1.2031409889768397e-07,1.2403034833537462e-07,1.2164120498449043e-07,1.2298449075482665e-07,1.2172875245705143e-07,1.2316517557700647e-07,1.2127174563792842e-07,1.2121234695911518e-07,1.1903103472238936e-07,1.208692504951226e-07,1.2051774086465592e-07,1.1895888928397402e-07,1.1553671458593771e-07,1.1406879611449355e-07,1.1020316736072199e-07,1.0050591579401311e-07,8.346264981316261e-08,6.314087977153167e-08,4.0123126291394007e-08,2.291700826763517e-08,1.15064335698381e-08,5.953617554354526e-09,2.894115780072936e-09,1.3416137280204951e-09,6.042055609936416e-10,0.9077826145151184,0.9510664938267763,0.9684461433440662,0.9759063096963994,0.9756311659399425,0.9687999604803876,0.9476507250305825,0.9075674225175555,0.8294082265021951,0.6910934564101635,0.5198259114583118,0.33348648794282226,0.18476936149262604,0.09459322251292394,0.04840949877349368,0.023775120681484373,0.010892800840296608,0.004982245104293056,0.231777494472066,0.22188214638827966,0.18996122531621884,0.1486754219419572,0.10070373743419218,0.06042171225287728,0.03143080830258408,0.015770555908479252,0.007560640295758613,0.0034941505644301416,0.0016559595845701432,0.0007669873234276657,0.00035169117300280246,0.0001626777753984733,7.733813471285869e-05,3.645635191348344e-05,1.6701990480932415e-05,7.672743386815008e-06,0.9638393488818644,0.9646615028071395,0.9663056639459846,0.9734815881393128,0.9747342423097187,0.9711236473718827,0.9587078920766654,0.9180989418400305,0.8238240592419501,0.6848984248390142,0.5193049566739738,0.3508951643517957,0.21811193763494252,0.1304591694670325,0.07975093022604796,0.029723408015478014,-0.02699379431864557,-0.055352395930999866,73832.4859374074,1274978.6559860238,3.4685260947500533e-07,2.0198986481815707e-07,104.16763050142835,0.7064703019749541,0.7132999184822193,0.03653057758249833,0.03151746349178261,,,30207.903847059053,0.006133993243987772,1000000.0,0.02413471978996625,-0.04895986149544596,0.007666009507536156,0.9639400193637792,4,0.04906188153219954,1077.2564319961891,3.0323190958187607,0.3228536538384979,499997.81360943854,0.4213306176948882,0.0015814177326694194,0.3803385550573623
2-2,6,7.0,0.84157692307675,34.420789271561866,18.821332682682627,11.700944146455203,29.058256363636445,176334.46666666667,91215.46666666667,49590.85333333333,29722.923333333336,20629.25,16316.543333333333,14424.453333333333,13227.506666666666,12832.906666666668,12932.323333333334,12593.25,12740.966666666667,12510.769999999999,12800.626666666665,12361.263333333334,12297.226666666667,12313.573333333334,12635.626666666669,1912160.7681620447,1864069.7101034638,1571625.7405259933,1233639.3038508992,846542.3478677256,522965.47006220114,275542.561797849,143104.3797213047,75225.82363464205,41864.84100675044,26226.425582951186,19115.841518864312,15346.295157535145,14137.984146964685,12990.107948115165,12596.71508807595,12449.179769184104,12698.89567748575,1.3352574175906573e-07,1.2515532351838818e-07,1.2480740547714753e-07,1.2349314649082301e-07,1.219301857473635e-07,1.1925755501543148e-07,1.203700826702922e-07,1.2142697570062932e-07,1.2117786221854782e-07,1.2076897710289937e-07,1.2146543367643447e-07,1.2031409889768397e-07,1.2403034833537462e-07,1.2164120498449043e-07,1.2298449075482665e-07,1.2172875245705143e-07,1.2316517557700647e-07,1.2127174563792842e-07,1.2121234695911518e-07,1.1903103472238936e-07,1.208692504951226e-07,1.2051774086465592e-07,1.1895888928397402e-07,1.1553671458593771e-07,1.1406879611449355e-07,1.1020316736072199e-07,1.0050591579401311e-07,8.346264981316261e-08,6.314087977153167e-08,4.0123126291394007e-08,2.291700826763517e-08,1.15064335698381e-08,5.953617554354526e-09,2.894115780072936e-09,1.3416137280204951e-09,6.042055609936416e-10,0.9077826145151184,0.9510664938267763,0.9684461433440662,0.9759063096963994,0.9756311659399425,0.9687999604803876,0.9476507250305825,0.9075674225175555,0.8294082265021951,0.6910934564101635,0.5198259114583118,0.33348648794282226,0.18476936149262604,0.09459322251292394,0.04840949877349368,0.023775120681484373,0.010892800840296608,0.004982245104293056,0.231777494472066,0.22188214638827966,0.18996122531621884,0.1486754219419572,0.10070373743419218,0.06042171225287728,0.03143080830258408,0.015770555908479252,0.007560640295758613,0.0034941505644301416,0.0016559595845701432,0.0007669873234276657,0.00035169117300280246,0.0001626777753984733,7.733813471285869e-05,3.645635191348344e-05,1.6701990480932415e-05,7.672743386815008e-06,0.9638393488818644,0.9646615028071395,0.9663056639459846,0.9734815881393128,0.9747342423097187,0.9711236473718827,0.9587078920766654,0.9180989418400305,0.8238240592419501,0.6848984248390142,0.5193049566739738,0.3508951643517957,0.21811193763494252,0.1304591694670325,0.07975093022604796,0.029723408015478014,-0.02699379431864557,-0.055352395930999866,73832.4859374074,1274978.6559860238,3.4685260947500533e-07,2.0198986481815707e-07,104.16763050142835,0.7064703019749541,0.7132999184822193,0.03653057758249833,0.03151746349178261,,,30207.903847059053,0.006133993243987772,1000000.0,0.01983709063069283,-0.03960225849197284,0.0031441113063304478,0.9530780502498157,4,0.04098147283040965,1059.1966988601275,3.0249766185561,0.03561237610336162,788.3441356021775,1.5836351679595282,0.0009406790780678024,0.4212644730504229
2-2,7,0.0,0.9395961538462501,37.98069282828294,19.715810897965582,12.277382510608495,30.420161686091774,158180.7,81562.46333333333,45895.80333333334,28021.256666666664,19879.26,15469.363333333333,14001.980000000001,13248.019999999999,12867.733333333332,12661.913333333332,12684.42,12420.416666666666,12570.93,12493.44,12685.65,12796.04,12523.493333333334,12528.413333333332,2025449.1878148213,1800116.1186960118,1498209.9044704915,1153349.286342273,795759.5537136496,469860.65092134447,250266.58776753323,128240.86782421067,65170.46704506795,37955.75936309432,24238.344615153426,18199.220473876794,15239.273330397991,13719.00640162198,13256.77592093657,13055.563418985565,12642.71679191295,12584.352196665259,1.3592727336015175e-07,1.344291244791986e-07,1.3281180662263012e-07,1.315538026889767e-07,1.2815119607441583e-07,1.2933090789965094e-07,1.2843774575639256e-07,1.2894638839607536e-07,1.3217223350116515e-07,1.3053581198698675e-07,1.3146800116077204e-07,1.2798718477857593e-07,1.2755050354732963e-07,1.286206334188559e-07,1.273887720371965e-07,1.2819193618432379e-07,1.3024963923666893e-07,1.2952353504380367e-07,1.25311815130663e-07,1.283382004424708e-07,1.287432815522053e-07,1.2835763053690075e-07,1.249497881438602e-07,1.250729075742215e-07,1.212518774254727e-07,1.1562548405892874e-07,1.0607518169412623e-07,8.698950528649094e-08,6.266811528732974e-08,4.06398082672927e-08,2.2333645971853803e-08,1.1490127073258766e-08,5.488139060404562e-09,2.5482477084485422e-09,1.2282812882810314e-09,5.757467060563602e-10,0.921903397551703,0.9546904433073925,0.9693662395393425,0.975704448774982,0.9750185091624378,0.9670766996491414,0.9440517404864043,0.8966942424457073,0.8025526911686118,0.6664033720889023,0.4766796082241563,0.3175302928773811,0.17509649394340923,0.08933346670623922,0.04308181147081054,0.01987837756646787,0.009430208755121341,0.0044451126651357045,0.2538127141800024,0.2310236632609313,0.1928844595555471,0.14804118157631962,0.09942998764997325,0.05876683776544887,0.030345293623680242,0.014827912418311459,0.006912969132896648,0.003301752729768672,0.0015189713747164632,0.0007396128306725407,0.0003403485354294222,0.00015763312687348702,7.275502974672265e-05,3.326880956493458e-05,1.5528812468543064e-05,7.245399325083143e-06,0.9970045149533343,0.9932917429494701,0.9858660502231302,0.9766463753053358,0.9699753346848734,0.9731339464107602,0.9652824856480908,0.9103701398443071,0.8097292584443618,0.6630666875471594,0.4850684583064293,0.3201957924671692,0.1789758653930118,0.08381350207603333,0.05305060718410992,0.034509100628687506,-0.00020156027847306746,-0.017556890133648237,69522.78467101124,1221382.7092749411,3.6842516313958547e-07,2.1245732664859732e-07,95.39239088603249,0.691233738894017,0.6973108854162403,0.03323379543275494,0.03072295189534189,,,35030.87998218647,0.0055973430041507885,1000000.0,0.01548025806313294,-0.02675029626300143,0.005798794880654355,0.9812342403292106,4,0.03665351343636347,773.8061736068335,2.8886321903021113,0.22534179841208202,499730.4085763998,0.3813290969706643,0.0017161571003799809,0.3495727522155998
2-2,7,1.0,0.86419674556225,36.198654341491945,19.612996538931075,12.200125209534965,30.44808500388509,158180.7,81562.46333333333,45895.80333333334,28021.256666666664,19879.26,15469.363333333333,14001.980000000001,13248.019999999999,12867.733333333332,12661.913333333332,12684.42,12420.416666666666,12570.93,12493.44,12685.65,12796.04,12523.493333333334,12528.413333333332,2025449.1878148213,1800116.1186960118,1498209.9044704915,1153349.286342273,795759.5537136496,469860.65092134447,250266.58776753323,128240.86782421067,65170.46704506795,37955.75936309432,24238.344615153426,18199.220473876794,15239.273330397991,13719.00640162198,13256.77592093657,13055.563418985565,12642.71679191295,12584.352196665259,1.3592727336015175e-07,1.344291244791986e-07,1.3281180662263012e-07,1.315538026889767e-07,1.2815119607441583e-07,1.2933090789965094e-07,1.2843774575639256e-07,1.2894638839607536e-07,1.3217223350116515e-07,1.3053581198698675e-07,1.3146800116077204e-07,1.2798718477857593e-07,1.2755050354732963e-07,1.286206334188559e-07,1.273887720371965e-07,1.2819193618432379e-07,1.3024963923666893e-07,1.2952353504380367e-07,1.25311815130663e-07,1.283382004424708e-07,1.287432815522053e-07,1.2835763053690075e-07,1.249497881438602e-07,1.250729075742215e-07,1.212518774254727e-07,1.1562548405892874e-07,1.0607518169412623e-07,8.698950528649094e-08,6.266811528732974e-08,4.06398082672927e-08,2.2333645971853803e-08,1.1490127073258766e-08,5.488139060404562e-09,2.5482477084485422e-09,1.2282812882810314e-09,5.757467060563602e-10,0.921903397551703,0.9546904433073925,0.9693662395393425,0.975704448774982,0.9750185091624378,0.9670766996491414,0.9440517404864043,0.8966942424457073,0.8025526911686118,0.6664033720889023,0.4766796082241563,0.3175302928773811,0.17509649394340923,0.08933346670623922,0.04308181147081054,0.01987837756646787,0.009430208755121341,0.0044451126651357045,0.2538127141800024,0.2310236632609313,0.1928844595555471,0.14804118157631962,0.09942998764997325,0.05876683776544887,0.030345293623680242,0.014827912418311459,0.006912969132896648,0.003301752729768672,0.0015189713747164632,0.0007396128306725407,0.0003403485354294222,0.00015763312687348702,7.275502974672265e-05,3.326880956493458e-05,1.5528812468543064e-05,7.245399325083143e-06,0.9970045149533343,0.9932917429494701,0.9858660502231302,0.9766463753053358,0.9699753346848734,0.9731339464107602,0.9652824856480908,0.9103701398443071,0.8097292584443618,0.6630666875471594,0.4850684583064293,0.3201957924671692,0.1789758653930118,0.08381350207603333,0.05305060718410992,0.034509100628687506,-0.00020156027847306746,-0.017556890133648237,69522.78467101124,1221382.7092749411,3.6842516313958547e-07,2.1245732664859732e-07,95.39239088603249,0.691233738894017,0.6973108854162403,0.03323379543275494,0.03072295189534189,,,35030.87998218647,0.0055973430041507885,1000000.0,0.024724649666071383,-0.04278476922301645,0.009769069838712691,0.9309997141461177,4,0.05508130599375196,681.302907769938,2.8333402424925223,0.30319139794457306,499999.9798295465,0.35871409265909404,0.003714203079366468,0.29989460685445907
2-3,3,0.0,0.8390636094675,29.39569089549348,16.05358870792979,9.986717470341535,25.045155718725788,249750.66666666666,131030.8,68158.98999999999,39489.80333333334,25139.39333333333,18133.600000000002,15111.416666666666,13529.200000000003,12818.75,12631.279999999999,12530.893333333333,12633.023333333333,12325.340000000002,12582.62,12597.953333333333,12613.480000000001,12516.706666666667,12412.159999999998,2079372.6933922719,1889209.675858611,1747402.301698933,1434588.267380044,1047837.7644603396,698150.1156664975,388067.89721406816,210148.05480395077,112379.00314044229,57231.45872476106,33044.64169515626,22134.935664617453,16777.332437581044,14587.823195226749,13557.872577491202,13036.480890803254,12724.285841397834,12509.448698749407,1.0928302745104763e-07,1.0485806997113677e-07,1.0135263932664977e-07,9.952721756182931e-08,9.925878458710105e-08,9.764540207317939e-08,9.840225855727878e-08,9.758238880444224e-08,9.598151804682825e-08,9.842259193602487e-08,9.926738997050783e-08,9.896790692556764e-08,9.972638412422808e-08,1.0019714581134172e-07,9.860208594072378e-08,1.0113434734248767e-07,9.873774486969197e-08,9.867307537137561e-08,9.615718952503139e-08,9.758537971851585e-08,9.739928895986689e-08,9.678753932996398e-08,9.687739911679509e-08,9.510918153364136e-08,9.457046123347223e-08,9.130009579989979e-08,8.503318205807446e-08,7.670021503403962e-08,6.162409861107478e-08,4.248417024860064e-08,2.64631525661286e-08,1.3772831919106615e-08,6.9811867066627386e-09,3.281554230394905e-09,1.6107701328262286e-09,7.674019323843616e-10,0.8798913405661659,0.9306425318087315,0.9609941054022125,0.9724730752151958,0.9760083152316229,0.9740262164352881,0.9610598640723667,0.9356206270259246,0.8859328732078167,0.7792948095077104,0.6207889482072931,0.42927219104019637,0.2653575861445426,0.13745732782687323,0.07080161276567305,0.03244747523096229,0.016313620844308572,0.00777721713340841,0.19994663417169567,0.18435924358655684,0.1701957417123109,0.1388502683513509,0.10151179731727464,0.06640048608865763,0.03669976002943812,0.0191865375357633,0.00955594423354615,0.004389665190900937,0.002036346258389942,0.00094038437521743,0.00044398110794836534,0.00020091563693350282,9.465003980860885e-05,4.2779919016677766e-05,2.049589959486729e-05,9.599775104483333e-06,0.9577407959729877,0.9607509905153471,0.9667712323548692,0.9746716481924569,0.9836070591315895,0.9777194469164385,0.9611574576101631,0.9416413767743883,0.8817991957425395,0.7788726864850037,0.6351947134888789,0.4479517216343609,0.27317655306007893,0.14898063935166306,0.09115589809404234,0.05303398406724469,-0.0054745059615566305,-0.034728750241333685,92487.43617770368,1459469.7207996303,2.8227364026743823e-07,1.726737950121674e-07,127.3843376314226,0.7585957145414179,0.7645689123159379,0.05295945076024511,0.05059345306201195,,,20828.26232859514,0.007324549778417848,1000000.0,0.02145289416878702,-0.03786470800446272,0.0031031476085562645,0.9776202035516555,4,0.048276159548139845,816.9528015935251,2.912196966447228,0.06622705838279613,2037.0958565310889,0.5866329086613902,0.0027768384636811705,0.3214199014685795
2-3,3,1.0,0.7737174556215001,28.162799487179562,16.087583517888906,10.029360531842629,24.936737933178,249750.66666666666,131030.8,68158.98999999999,39489.80333333334,25139.39333333333,18133.600000000002,15111.416666666666,13529.200000000003,12818.75,12631.279999999999,12530.893333333333,12633.023333333333,12325.340000000002,12582.62,12597.953333333333,12613.480000000001,12516.706666666667,12412.159999999998,2079372.6933922719,1889209.675858611,1747402.301698933,1434588.267380044,1047837.7644603396,698150.1156664975,388067.89721406816,210148.05480395077,112379.00314044229,57231.45872476106,33044.64169515626,22134.935664617453,16777.332437581044,14587.823195226749,13557.872577491202,13036.480890803254,12724.285841397834,12509.448698749407,1.0928302745104763e-07,1.0485806997113677e-07,1.0135263932664977e-07,9.952721756182931e-08,9.925878458710105e-08,9.764540207317939e-08,9.840225855727878e-08,9.758238880444224e-08,9.598151804682825e-08,9.842259193602487e-08,9.926738997050783e-08,9.896790692556764e-08,9.972638412422808e-08,1.0019714581134172e-07,9.860208594072378e-08,1.0113434734248767e-07,9.873774486969197e-08,9.867307537137561e-08,9.615718952503139e-08,9.758537971851585e-08,9.739928895986689e-08,9.678753932996398e-08,9.687739911679509e-08,9.510918153364136e-08,9.457046123347223e-08,9.130009579989979e-08,8.503318205807446e-08,7.670021503403962e-08,6.162409861107478e-08,4.248417024860064e-08,2.64631525661286e-08,1.3772831919106615e-08,6.9811867066627386e-09,3.281554230394905e-09,1.6107701328262286e-09,7.674019323843616e-10,0.8798913405661659,0.9306425318087315,0.9609941054022125,0.9724730752151958,0.9760083152316229,0.9740262164352881,0.9610598640723667,0.9356206270259246,0.8859328732078167,0.7792948095077104,0.6207889482072931,0.42927219104019637,0.2653575861445426,0.13745732782687323,0.07080161276567305,0.03244747523096229,0.016313620844308572,0.00777721713340841,0.19994663417169567,0.18435924358655684,0.1701957417123109,0.1388502683513509,0.10151179731727464,0.06640048608865763,0.03669976002943812,0.0191865375357633,0.00955594423354615,0.004389665190900937,0.002036346258389942,0.00094038437521743,0.00044398110794836534,0.00020091563693350282,9.465003980860885e-05,4.2779919016677766e-05,2.049589959486729e-05,9.599775104483333e-06,0.9577407959729877,0.9607509905153471,0.9667712323548692,0.9746716481924569,0.9836070591315895,0.9777194469164385,0.9611574576101631,0.9416413767743883,0.8817991957425395,0.7788726864850037,0.6351947134888789,0.4479517216343609,0.27317655306007893,0.14898063935166306,0.09115589809404234,0.05303398406724469,-0.0054745059615566305,-0.034728750241333685,92487.43617770368,1459469.7207996303,2.8227364026743823e-07,1.726737950121674e-07,127.3843376314226,0.7585957145414179,0.7645689123159379,0.05295945076024511,0.05059345306201195,,,20828.26232859514,0.007324549778417848,1000000.0,0.015415187628227281,-0.010680840520172036,0.007251195243398672,0.8886594797180115,4,0.04885996716252498,291.78563276207313,2.465063903850217,0.1768582074212285,499999.9990260203,0.22518515936379788,0.010203061465208838,0.1776886843437786
2-3,3,7.0,0.82649704142,29.125455287490368,16.077032053688175,10.006541099045693,25.028103232323303,249750.66666666666,131030.8,68158.98999999999,39489.80333333334,25139.39333333333,18133.600000000002,15111.416666666666,13529.200000000003,12818.75,12631.279999999999,12530.893333333333,12633.023333333333,12325.340000000002,12582.62,12597.953333333333,12613.480000000001,12516.706666666667,12412.159999999998,2079372.6933922719,1889209.675858611,1747402.301698933,1434588.267380044,1047837.7644603396,698150.1156664975,388067.89721406816,210148.05480395077,112379.00314044229,57231.45872476106,33044.64169515626,22134.935664617453,16777.332437581044,14587.823195226749,13557.872577491202,13036.480890803254,12724.285841397834,12509.448698749407,1.0928302745104763e-07,1.0485806997113677e-07,1.0135263932664977e-07,9.952721756182931e-08,9.925878458710105e-08,9.764540207317939e-08,9.840225855727878e-08,9.758238880444224e-08,9.598151804682825e-08,9.842259193602487e-08,9.926738997050783e-08,9.896790692556764e-08,9.972638412422808e-08,1.0019714581134172e-07,9.860208594072378e-08,1.0113434734248767e-07,9.873774486969197e-08,9.867307537137561e-08,9.615718952503139e-08,9.758537971851585e-08,9.739928895986689e-08,9.678753932996398e-08,9.687739911679509e-08,9.510918153364136e-08,9.457046123347223e-08,9.130009579989979e-08,8.503318205807446e-08,7.670021503403962e-08,6.162409861107478e-08,4.248417024860064e-08,2.64631525661286e-08,1.3772831919106615e-08,6.9811867066627386e-09,3.281554230394905e-09,1.6107701328262286e-09,7.674019323843616e-10,0.8798913405661659,0.9306425318087315,0.9609941054022125,0.9724730752151958,0.9760083152316229,0.9740262164352881,0.9610598640723667,0.9356206270259246,0.8859328732078167,0.7792948095077104,0.6207889482072931,0.42927219104019637,0.2653575861445426,0.13745732782687323,0.07080161276567305,0.03244747523096229,0.016313620844308572,0.00777721713340841,0.19994663417169567,0.18435924358655684,0.1701957417123109,0.1388502683513509,0.10151179731727464,0.06640048608865763,0.03669976002943812,0.0191865375357633,0.00955594423354615,0.004389665190900937,0.002036346258389942,0.00094038437521743,0.00044398110794836534,0.00020091563693350282,9.465003980860885e-05,4.2779919016677766e-05,2.049589959486729e-05,9.599775104483333e-06,0.9577407959729877,0.9607509905153471,0.9667712323548692,0.9746716481924569,0.9836070591315895,0.9777194469164385,0.9611574576101631,0.9416413767743883,0.8817991957425395,0.7788726864850037,0.6351947134888789,0.4479517216343609,0.27317655306007893,0.14898063935166306,0.09115589809404234,0.05303398406724469,-0.0054745059615566305,-0.034728750241333685,92487.43617770368,1459469.7207996303,2.8227364026743823e-07,1.726737950121674e-07,127.3843376314226,0.7585957145414179,0.7645689123159379,0.05295945076024511,0.05059345306201195,,,20828.26232859514,0.007324549778417848,1000000.0,0.015765620535213052,-0.020739424577749757,-0.003326556269413628,0.9790034160051295,4,0.03696040037004344,285.5202800324097,2.4556369608948954,0.041292048711081664,403.9619587005179,0.760086010675721,0.002454220441065343,0.33012523642659863
2-3,3,20.0,0.9044097633135,30.476278712121296,16.10732897288021,10.02546719799029,25.083054599844672,249750.66666666666,131030.8,68158.98999999999,39489.80333333334,25139.39333333333,18133.600000000002,15111.416666666666,13529.200000000003,12818.75,12631.279999999999,12530.893333333333,12633.023333333333,12325.340000000002,12582.62,12597.953333333333,12613.480000000001,12516.706666666667,12412.159999999998,2079372.6933922719,1889209.675858611,1747402.301698933,1434588.267380044,1047837.7644603396,698150.1156664975,388067.89721406816,210148.05480395077,112379.00314044229,57231.45872476106,33044.64169515626,22134.935664617453,16777.332437581044,14587.823195226749,13557.872577491202,13036.480890803254,12724.285841397834,12509.448698749407,1.0928302745104763e-07,1.0485806997113677e-07,1.0135263932664977e-07,9.952721756182931e-08,9.925878458710105e-08,9.764540207317939e-08,9.840225855727878e-08,9.758238880444224e-08,9.598151804682825e-08,9.842259193602487e-08,9.926738997050783e-08,9.896790692556764e-08,9.972638412422808e-08,1.0019714581134172e-07,9.860208594072378e-08,1.0113434734248767e-07,9.873774486969197e-08,9.867307537137561e-08,9.615718952503139e-08,9.758537971851585e-08,9.739928895986689e-08,9.678753932996398e-08,9.687739911679509e-08,9.510918153364136e-08,9.457046123347223e-08,9.130009579989979e-08,8.503318205807446e-08,7.670021503403962e-08,6.162409861107478e-08,4.248417024860064e-08,2.64631525661286e-08,1.3772831919106615e-08,6.9811867066627386e-09,3.281554230394905e-09,1.6107701328262286e-09,7.674019323843616e-10,0.8798913405661659,0.9306425318087315,0.9609941054022125,0.9724730752151958,0.9760083152316229,0.9740262164352881,0.9610598640723667,0.9356206270259246,0.8859328732078167,0.7792948095077104,0.6207889482072931,0.42927219104019637,0.2653575861445426,0.13745732782687323,0.07080161276567305,0.03244747523096229,0.016313620844308572,0.00777721713340841,0.19994663417169567,0.18435924358655684,0.1701957417123109,0.1388502683513509,0.10151179731727464,0.06640048608865763,0.03669976002943812,0.0191865375357633,0.00955594423354615,0.004389665190900937,0.002036346258389942,0.00094038437521743,0.00044398110794836534,0.00020091563693350282,9.465003980860885e-05,4.2779919016677766e-05,2.049589959486729e-05,9.599775104483333e-06,0.9577407959729877,0.9607509905153471,0.9667712323548692,0.9746716481924569,0.9836070591315895,0.9777194469164385,0.9611574576101631,0.9416413767743883,0.8817991957425395,0.7788726864850037,0.6351947134888789,0.4479517216343609,0.27317655306007893,0.14898063935166306,0.09115589809404234,0.05303398406724469,-0.0054745059615566305,-0.034728750241333685,92487.43617770368,1459469.7207996303,2.8227364026743823e-07,1.726737950121674e-07,127.3843376314226,0.7585957145414179,0.7645689123159379,0.05295945076024511,0.05059345306201195,,,20828.26232859514,0.007324549778417848,1000000.0,0.008062796017434927,-0.008259533692569494,0.007321574684826391,0.9134080340070971,4,0.021354530003479904,191.19868178626336,2.2814848937197607,0.15402372524482924,499999.99999999994,0.3477275808962781,0.0021131020663044727,0.28596878945605564
2-3,5,0.0,0.7837707100594999,31.72389074203583,17.911578916408292,11.171194746446902,27.676006829836908,194970.33333333334,104481.06666666665,55462.56,32450.36,21974.936666666665,16388.436666666665,14503.386666666667,13415.156666666668,12941.566666666668,12667.589999999998,12429.866666666667,12499.283333333335,12293.89,12359.576666666668,12276.436666666666,12272.78,12621.223333333333,12526.996666666666,1970270.4491797672,1797292.6544575968,1614045.1018231285,1316418.6411654819,855868.0390573044,548598.5547629179,304375.1514844479,157812.59371552707,83023.39375970795,47385.33117860708,27998.16242163677,19501.204770051518,15710.708273663347,13974.578054608495,13016.324271747295,12617.7392833702,12777.580449797955,12596.526762867192,1.2556441511538923e-07,1.1967321942179635e-07,1.1662417646034135e-07,1.1444580319205067e-07,1.175712470896045e-07,1.1610293997972053e-07,1.1393287739629304e-07,1.1435165858164312e-07,1.1385636507059284e-07,1.1139457701573558e-07,1.1441062548659512e-07,1.1590505329730532e-07,1.1398065118135452e-07,1.1265016628281509e-07,1.1377174248454354e-07,1.1353542382639716e-07,1.132949571549045e-07,1.1618328404037638e-07,1.1313904687213907e-07,1.127163192277115e-07,1.126166828797245e-07,1.1162465846047563e-07,1.145525332333647e-07,1.1263456467659246e-07,1.0850400921547904e-07,1.0463098053657408e-07,9.610859938360992e-08,8.161530155726147e-08,6.361769134212722e-08,4.1615791787012844e-08,2.478889971201087e-08,1.3018652455029063e-08,6.467133141070616e-09,3.1039711283228213e-09,1.3863714558732304e-09,6.413065338005544e-10,0.9010438727259494,0.941867527023195,0.9656375401546382,0.9753495134562434,0.9743243868635744,0.970126722857028,0.9523502933930934,0.9149931171472359,0.8441214448047855,0.7326685350735924,0.556047054821678,0.3590507109320347,0.21748340139388458,0.1155670948797798,0.05684305258794123,0.027339230556526473,0.012236832871366815,0.005519783152089981,0.22291452070054016,0.20258421258546347,0.1817684053855879,0.14694478121110033,0.09804185198748656,0.061791159397929035,0.03302592424163136,0.016512086421475586,0.007979262090319472,0.003867368093532721,0.0017811784550864336,0.0008115580773063658,0.00038945117180050017,0.00018193017489862416,8.417830207273879e-05,3.9165098440285785e-05,1.771447281072372e-05,8.078234916220277e-06,0.9691706032849968,0.9711113351677021,0.9749926506674136,0.9868255498112983,0.9929091484680637,0.9805984088233117,0.9423984497168814,0.8978058841867878,0.8385355850536556,0.7223409509219625,0.5650382012875532,0.39729022952130144,0.2443330734390532,0.12479512284376426,0.0644521737395376,0.023340906426179586,-0.03588614814611368,-0.06549967630808826,79131.12391415611,1305308.1053430005,3.2606253909334287e-07,1.943153830580479e-07,111.53675201739595,0.7245739630318785,0.7312499923798411,0.04350119880954086,0.0222404757110559,,,27594.458815867114,0.0065954022232977355,1000000.0,0.020147447981567795,-0.03870800227240556,0.011991158022653058,0.9636098300793192,4,0.04225677309215616,920.237735648752,2.9639000381528646,0.2470958523368874,499999.9990092145,0.384790159906188,0.0018994120627570258,0.3448297485855831
2-3,5,1.0,0.869223372781,33.2401789102565,17.908247457469898,11.15911489302357,27.799398026418103,194970.33333333334,104481.06666666665,55462.56,32450.36,21974.936666666665,16388.436666666665,14503.386666666667,13415.156666666668,12941.566666666668,12667.589999999998,12429.866666666667,12499.283333333335,12293.89,12359.576666666668,12276.436666666666,12272.78,12621.223333333333,12526.996666666666,1970270.4491797672,1797292.6544575968,1614045.1018231285,1316418.6411654819,855868.0390573044,548598.5547629179,304375.1514844479,157812.59371552707,83023.39375970795,47385.33117860708,27998.16242163677,19501.204770051518,15710.708273663347,13974.578054608495,13016.324271747295,12617.7392833702,12777.580449797955,12596.526762867192,1.2556441511538923e-07,1.1967321942179635e-07,1.1662417646034135e-07,1.1444580319205067e-07,1.175712470896045e-07,1.1610293997972053e-07,1.1393287739629304e-07,1.1435165858164312e-07,1.1385636507059284e-07,1.1139457701573558e-07,1.1441062548659512e-07,1.1590505329730532e-07,1.1398065118135452e-07,1.1265016628281509e-07,1.1377174248454354e-07,1.1353542382639716e-07,1.132949571549045e-07,1.1618328404037638e-07,1.1313904687213907e-07,1.127163192277115e-07,1.126166828797245e-07,1.1162465846047563e-07,1.145525332333647e-07,1.1263456467659246e-07,1.0850400921547904e-07,1.0463098053657408e-07,9.610859938360992e-08,8.161530155726147e-08,6.361769134212722e-08,4.1615791787012844e-08,2.478889971201087e-08,1.3018652455029063e-08,6.467133141070616e-09,3.1039711283228213e-09,1.3863714558732304e-09,6.413065338005544e-10,0.9010438727259494,0.941867527023195,0.9656375401546382,0.9753495134562434,0.9743243868635744,0.970126722857028,0.9523502933930934,0.9149931171472359,0.8441214448047855,0.7326685350735924,0.556047054821678,0.3590507109320347,0.21748340139388458,0.1155670948797798,0.05684305258794123,0.027339230556526473,0.012236832871366815,0.005519783152089981,0.22291452070054016,0.20258421258546347,0.1817684053855879,0.14694478121110033,0.09804185198748656,0.061791159397929035,0.03302592424163136,0.016512086421475586,0.007979262090319472,0.003867368093532721,0.0017811784550864336,0.0008115580773063658,0.00038945117180050017,0.00018193017489862416,8.417830207273879e-05,3.9165098440285785e-05,1.771447281072372e-05,8.078234916220277e-06,0.9691706032849968,0.9711113351677021,0.9749926506674136,0.9868255498112983,0.9929091484680637,0.9805984088233117,0.9423984497168814,0.8978058841867878,0.8385355850536556,0.7223409509219625,0.5650382012875532,0.39729022952130144,0.2443330734390532,0.12479512284376426,0.0644521737395376,0.023340906426179586,-0.03588614814611368,-0.06549967630808826,79131.12391415611,1305308.1053430005,3.2606253909334287e-07,1.943153830580479e-07,111.53675201739595,0.7245739630318785,0.7312499923798411,0.04350119880954086,0.0222404757110559,,,27594.458815867114,0.0065954022232977355,1000000.0,0.023183087161926144,-0.051568612383302154,0.016480478505370513,0.8974100975586231,4,0.05549633187243162,2036.7844805314219,3.308945077175034,0.4700842525034753,499999.68687753606,0.5188236362939372,0.001214539199332506,0.39196453180653473
2-3,5,7.0,0.8063905325445,32.03321015540024,17.868969347504905,11.138774372593938,27.793108119658196,194970.33333333334,104481.06666666665,55462.56,32450.36,21974.936666666665,16388.436666666665,14503.386666666667,13415.156666666668,12941.566666666668,12667.589999999998,12429.866666666667,12499.283333333335,12293.89,12359.576666666668,12276.436666666666,12272.78,12621.223333333333,12526.996666666666,1970270.4491797672,1797292.6544575968,1614045.1018231285,1316418.6411654819,855868.0390573044,548598.5547629179,304375.1514844479,157812.59371552707,83023.39375970795,47385.33117860708,27998.16242163677,19501.204770051518,15710.708273663347,13974.578054608495,13016.324271747295,12617.7392833702,12777.580449797955,12596.526762867192,1.2556441511538923e-07,1.1967321942179635e-07,1.1662417646034135e-07,1.1444580319205067e-07,1.175712470896045e-07,1.1610293997972053e-07,1.1393287739629304e-07,1.1435165858164312e-07,1.1385636507059284e-07,1.1139457701573558e-07,1.1441062548659512e-07,1.1590505329730532e-07,1.1398065118135452e-07,1.1265016628281509e-07,1.1377174248454354e-07,1.1353542382639716e-07,1.132949571549045e-07,1.1618328404037638e-07,1.1313904687213907e-07,1.127163192277115e-07,1.126166828797245e-07,1.1162465846047563e-07,1.145525332333647e-07,1.1263456467659246e-07,1.0850400921547904e-07,1.0463098053657408e-07,9.610859938360992e-08,8.161530155726147e-08,6.361769134212722e-08,4.1615791787012844e-08,2.478889971201087e-08,1.3018652455029063e-08,6.467133141070616e-09,3.1039711283228213e-09,1.3863714558732304e-09,6.413065338005544e-10,0.9010438727259494,0.941867527023195,0.9656375401546382,0.9753495134562434,0.9743243868635744,0.970126722857028,0.9523502933930934,0.9149931171472359,0.8441214448047855,0.7326685350735924,0.556047054821678,0.3590507109320347,0.21748340139388458,0.1155670948797798,0.05684305258794123,0.027339230556526473,0.012236832871366815,0.005519783152089981,0.22291452070054016,0.20258421258546347,0.1817684053855879,0.14694478121110033,0.09804185198748656,0.061791159397929035,0.03302592424163136,0.016512086421475586,0.007979262090319472,0.003867368093532721,0.0017811784550864336,0.0008115580773063658,0.00038945117180050017,0.00018193017489862416,8.417830207273879e-05,3.9165098440285785e-05,1.771447281072372e-05,8.078234916220277e-06,0.9691706032849968,0.9711113351677021,0.9749926506674136,0.9868255498112983,0.9929091484680637,0.9805984088233117,0.9423984497168814,0.8978058841867878,0.8385355850536556,0.7223409509219625,0.5650382012875532,0.39729022952130144,0.2443330734390532,0.12479512284376426,0.0644521737395376,0.023340906426179586,-0.03588614814611368,-0.06549967630808826,79131.12391415611,1305308.1053430005,3.2606253909334287e-07,1.943153830580479e-07,111.53675201739595,0.7245739630318785,0.7312499923798411,0.04350119880954086,0.0222404757110559,,,27594.458815867114,0.0065954022232977355,1000000.0,0.006233746858034305,0.007083096832992381,-0.018394295036765086,0.9559489072959527,4,0.03217682871085492,286.19782159526375,2.456666323788688,0.029510581038115314,445.53152662777586,2.5182251217666116,0.0053724424694120716,0.2134531936744292
2-3,6,0.0,0.8315236686390001,34.132014522144615,18.755526159656053,11.696509484717504,29.12360146076155,176334.46666666667,91215.46666666667,49590.85333333333,29722.923333333336,20629.25,16316.543333333333,14424.453333333333,13227.506666666666,12832.906666666668,12932.323333333334,12593.25,12740.966666666667,12510.769999999999,12800.626666666665,12361.263333333334,12297.226666666667,12313.573333333334,12635.626666666669,1912160.7681620447,1864069.7101034638,1571625.7405259933,1233639.3038508992,846542.3478677256,522965.47006220114,275542.561797849,143104.3797213047,75225.82363464205,41864.84100675044,26226.425582951186,19115.841518864312,15346.295157535145,14137.984146964685,12990.107948115165,12596.71508807595,12449.179769184104,12698.89567748575,1.3352574175906573e-07,1.2515532351838818e-07,1.2480740547714753e-07,1.2349314649082301e-07,1.219301857473635e-07,1.1925755501543148e-07,1.203700826702922e-07,1.2142697570062932e-07,1.2117786221854782e-07,1.2076897710289937e-07,1.2146543367643447e-07,1.2031409889768397e-07,1.2403034833537462e-07,1.2164120498449043e-07,1.2298449075482665e-07,1.2172875245705143e-07,1.2316517557700647e-07,1.2127174563792842e-07,1.2121234695911518e-07,1.1903103472238936e-07,1.208692504951226e-07,1.2051774086465592e-07,1.1895888928397402e-07,1.1553671458593771e-07,1.1406879611449355e-07,1.1020316736072199e-07,1.0050591579401311e-07,8.346264981316261e-08,6.314087977153167e-08,4.0123126291394007e-08,2.291700826763517e-08,1.15064335698381e-08,5.953617554354526e-09,2.894115780072936e-09,1.3416137280204951e-09,6.042055609936416e-10,0.9077826145151184,0.9510664938267763,0.9684461433440662,0.9759063096963994,0.9756311659399425,0.9687999604803876,0.9476507250305825,0.9075674225175555,0.8294082265021951,0.6910934564101635,0.5198259114583118,0.33348648794282226,0.18476936149262604,0.09459322251292394,0.04840949877349368,0.023775120681484373,0.010892800840296608,0.004982245104293056,0.231777494472066,0.22188214638827966,0.18996122531621884,0.1486754219419572,0.10070373743419218,0.06042171225287728,0.03143080830258408,0.015770555908479252,0.007560640295758613,0.0034941505644301416,0.0016559595845701432,0.0007669873234276657,0.00035169117300280246,0.0001626777753984733,7.733813471285869e-05,3.645635191348344e-05,1.6701990480932415e-05,7.672743386815008e-06,0.9638393488818644,0.9646615028071395,0.9663056639459846,0.9734815881393128,0.9747342423097187,0.9711236473718827,0.9587078920766654,0.9180989418400305,0.8238240592419501,0.6848984248390142,0.5193049566739738,0.3508951643517957,0.21811193763494252,0.1304591694670325,0.07975093022604796,0.029723408015478014,-0.02699379431864557,-0.055352395930999866,73832.4859374074,1274978.6559860238,3.4685260947500533e-07,2.0198986481815707e-07,104.16763050142835,0.7064703019749541,0.7132999184822193,0.03653057758249833,0.03151746349178261,,,30207.903847059053,0.006133993243987772,1000000.0,0.01871985888976572,-0.027910712083899183,0.004260961636387265,0.9902396125178359,4,0.045931390828105,567.3313065839093,2.753836749546539,0.07019001209213806,2474.4105523022604,0.5425110637423485,0.0023131216555687365,0.34252452451912363
2-3,6,1.0,0.89184319526625,35.252276313131404,18.756244664344692,11.691686540954802,28.92212963480971,176334.46666666667,91215.46666666667,49590.85333333333,29722.923333333336,20629.25,16316.543333333333,14424.453333333333,13227.506666666666,12832.906666666668,12932.323333333334,12593.25,12740.966666666667,12510.769999999999,12800.626666666665,12361.263333333334,12297.226666666667,12313.573333333334,12635.626666666669,1912160.7681620447,1864069.7101034638,1571625.7405259933,1233639.3038508992,846542.3478677256,522965.47006220114,275542.561797849,143104.3797213047,75225.82363464205,41864.84100675044,26226.425582951186,19115.841518864312,15346.295157535145,14137.984146964685,12990.107948115165,12596.71508807595,12449.179769184104,12698.89567748575,1.3352574175906573e-07,1.2515532351838818e-07,1.2480740547714753e-07,1.2349314649082301e-07,1.219301857473635e-07,1.1925755501543148e-07,1.203700826702922e-07,1.2142697570062932e-07,1.2117786221854782e-07,1.2076897710289937e-07,1.2146543367643447e-07,1.2031409889768397e-07,1.2403034833537462e-07,1.2164120498449043e-07,1.2298449075482665e-07,1.2172875245705143e-07,1.2316517557700647e-07,1.2127174563792842e-07,1.2121234695911518e-07,1.1903103472238936e-07,1.208692504951226e-07,1.2051774086465592e-07,1.1895888928397402e-07,1.1553671458593771e-07,1.1406879611449355e-07,1.1020316736072199e-07,1.0050591579401311e-07,8.346264981316261e-08,6.314087977153167e-08,4.0123126291394007e-08,2.291700826763517e-08,1.15064335698381e-08,5.953617554354526e-09,2.894115780072936e-09,1.3416137280204951e-09,6.042055609936416e-10,0.9077826145151184,0.9510664938267763,0.9684461433440662,0.9759063096963994,0.9756311659399425,0.9687999604803876,0.9476507250305825,0.9075674225175555,0.8294082265021951,0.6910934564101635,0.5198259114583118,0.33348648794282226,0.18476936149262604,0.09459322251292394,0.04840949877349368,0.023775120681484373,0.010892800840296608,0.004982245104293056,0.231777494472066,0.22188214638827966,0.18996122531621884,0.1486754219419572,0.10070373743419218,0.06042171225287728,0.03143080830258408,0.015770555908479252,0.007560640295758613,0.0034941505644301416,0.0016559595845701432,0.0007669873234276657,0.00035169117300280246,0.0001626777753984733,7.733813471285869e-05,3.645635191348344e-05,1.6701990480932415e-05,7.672743386815008e-06,0.9638393488818644,0.9646615028071395,0.9663056639459846,0.9734815881393128,0.9747342423097187,0.9711236473718827,0.9587078920766654,0.9180989418400305,0.8238240592419501,0.6848984248390142,0.5193049566739738,0.3508951643517957,0.21811193763494252,0.1304591694670325,0.07975093022604796,0.029723408015478014,-0.02699379431864557,-0.055352395930999866,73832.4859374074,1274978.6559860238,3.4685260947500533e-07,2.0198986481815707e-07,104.16763050142835,0.7064703019749541,0.7132999184822193,0.03653057758249833,0.03151746349178261,,,30207.903847059053,0.006133993243987772,1000000.0,0.017899625843412335,-0.026383850771768032,0.009030779789622407,0.9461662655469996,4,0.04681192562309922,875.1773155735538,2.942096052306418,0.28747990771274423,499996.8605200043,0.39502580108385293,0.00216765560654641,0.34104561453422416
2-3,6,7.0,0.7787440828404999,33.20313104312363,18.836943704369077,11.732890671568214,28.813398275058354,176334.46666666667,91215.46666666667,49590.85333333333,29722.923333333336,20629.25,16316.543333333333,14424.453333333333,13227.506666666666,12832.906666666668,12932.323333333334,12593.25,12740.966666666667,12510.769999999999,12800.626666666665,12361.263333333334,12297.226666666667,12313.573333333334,12635.626666666669,1912160.7681620447,1864069.7101034638,1571625.7405259933,1233639.3038508992,846542.3478677256,522965.47006220114,275542.561797849,143104.3797213047,75225.82363464205,41864.84100675044,26226.425582951186,19115.841518864312,15346.295157535145,14137.984146964685,12990.107948115165,12596.71508807595,12449.179769184104,12698.89567748575,1.3352574175906573e-07,1.2515532351838818e-07,1.2480740547714753e-07,1.2349314649082301e-07,1.219301857473635e-07,1.1925755501543148e-07,1.203700826702922e-07,1.2142697570062932e-07,1.2117786221854782e-07,1.2076897710289937e-07,1.2146543367643447e-07,1.2031409889768397e-07,1.2403034833537462e-07,1.2164120498449043e-07,1.2298449075482665e-07,1.2172875245705143e-07,1.2316517557700647e-07,1.2127174563792842e-07,1.2121234695911518e-07,1.1903103472238936e-07,1.208692504951226e-07,1.2051774086465592e-07,1.1895888928397402e-07,1.1553671458593771e-07,1.1406879611449355e-07,1.1020316736072199e-07,1.0050591579401311e-07,8.346264981316261e-08,6.314087977153167e-08,4.0123126291394007e-08,2.291700826763517e-08,1.15064335698381e-08,5.953617554354526e-09,2.894115780072936e-09,1.3416137280204951e-09,6.042055609936416e-10,0.9077826145151184,0.9510664938267763,0.9684461433440662,0.9759063096963994,0.9756311659399425,0.9687999604803876,0.9476507250305825,0.9075674225175555,0.8294082265021951,0.6910934564101635,0.5198259114583118,0.33348648794282226,0.18476936149262604,0.09459322251292394,0.04840949877349368,0.023775120681484373,0.010892800840296608,0.004982245104293056,0.231777494472066,0.22188214638827966,0.18996122531621884,0.1486754219419572,0.10070373743419218,0.06042171225287728,0.03143080830258408,0.015770555908479252,0.007560640295758613,0.0034941505644301416,0.0016559595845701432,0.0007669873234276657,0.00035169117300280246,0.0001626777753984733,7.733813471285869e-05,3.645635191348344e-05,1.6701990480932415e-05,7.672743386815008e-06,0.9638393488818644,0.9646615028071395,0.9663056639459846,0.9734815881393128,0.9747342423097187,0.9711236473718827,0.9587078920766654,0.9180989418400305,0.8238240592419501,0.6848984248390142,0.5193049566739738,0.3508951643517957,0.21811193763494252,0.1304591694670325,0.07975093022604796,0.029723408015478014,-0.02699379431864557,-0.055352395930999866,73832.4859374074,1274978.6559860238,3.4685260947500533e-07,2.0198986481815707e-07,104.16763050142835,0.7064703019749541,0.7132999184822193,0.03653057758249833,0.03151746349178261,,,30207.903847059053,0.006133993243987772,1000000.0,0.016690830593050755,-0.031094533429798194,0.005040985784959525,0.9720298676951248,4,0.03767083569026644,897.5164992516671,2.953042441058815,0.12899401518150622,66532.95856303134,0.41617766194980926,0.0011592989179673003,0.4015994175895238
2-3,7,0.0,0.7234511834317499,33.414716194638785,19.64550473509953,12.241587937431108,30.369340054390136,158180.7,81562.46333333333,45895.80333333334,28021.256666666664,19879.26,15469.363333333333,14001.980000000001,13248.019999999999,12867.733333333332,12661.913333333332,12684.42,12420.416666666666,12570.93,12493.44,12685.65,12796.04,12523.493333333334,12528.413333333332,2025449.1878148213,1800116.1186960118,1498209.9044704915,1153349.286342273,795759.5537136496,469860.65092134447,250266.58776753323,128240.86782421067,65170.46704506795,37955.75936309432,24238.344615153426,18199.220473876794,15239.273330397991,13719.00640162198,13256.77592093657,13055.563418985565,12642.71679191295,12584.352196665259,1.3592727336015175e-07,1.344291244791986e-07,1.3281180662263012e-07,1.315538026889767e-07,1.2815119607441583e-07,1.2933090789965094e-07,1.2843774575639256e-07,1.2894638839607536e-07,1.3217223350116515e-07,1.3053581198698675e-07,1.3146800116077204e-07,1.2798718477857593e-07,1.2755050354732963e-07,1.286206334188559e-07,1.273887720371965e-07,1.2819193618432379e-07,1.3024963923666893e-07,1.2952353504380367e-07,1.25311815130663e-07,1.283382004424708e-07,1.287432815522053e-07,1.2835763053690075e-07,1.249497881438602e-07,1.250729075742215e-07,1.212518774254727e-07,1.1562548405892874e-07,1.0607518169412623e-07,8.698950528649094e-08,6.266811528732974e-08,4.06398082672927e-08,2.2333645971853803e-08,1.1490127073258766e-08,5.488139060404562e-09,2.5482477084485422e-09,1.2282812882810314e-09,5.757467060563602e-10,0.921903397551703,0.9546904433073925,0.9693662395393425,0.975704448774982,0.9750185091624378,0.9670766996491414,0.9440517404864043,0.8966942424457073,0.8025526911686118,0.6664033720889023,0.4766796082241563,0.3175302928773811,0.17509649394340923,0.08933346670623922,0.04308181147081054,0.01987837756646787,0.009430208755121341,0.0044451126651357045,0.2538127141800024,0.2310236632609313,0.1928844595555471,0.14804118157631962,0.09942998764997325,0.05876683776544887,0.030345293623680242,0.014827912418311459,0.006912969132896648,0.003301752729768672,0.0015189713747164632,0.0007396128306725407,0.0003403485354294222,0.00015763312687348702,7.275502974672265e-05,3.326880956493458e-05,1.5528812468543064e-05,7.245399325083143e-06,0.9970045149533343,0.9932917429494701,0.9858660502231302,0.9766463753053358,0.9699753346848734,0.9731339464107602,0.9652824856480908,0.9103701398443071,0.8097292584443618,0.6630666875471594,0.4850684583064293,0.3201957924671692,0.1789758653930118,0.08381350207603333,0.05305060718410992,0.034509100628687506,-0.00020156027847306746,-0.017556890133648237,69522.78467101124,1221382.7092749411,3.6842516313958547e-07,2.1245732664859732e-07,95.39239088603249,0.691233738894017,0.6973108854162403,0.03323379543275494,0.03072295189534189,,,35030.87998218647,0.0055973430041507885,1000000.0,0.015688365598638076,-0.019518318914320033,0.0012034916197228608,0.9976507176605411,4,0.041500639636871575,404.1345686536843,2.6065260004882744,0.05810520668865367,1271.8872156348866,0.49348001651783985,0.004130847464062694,0.262665881627294
2-3,7,1.0,0.8038772189350001,35.22143929487189,19.701065734806562,12.244092090966127,30.530771118881205,158180.7,81562.46333333333,45895.80333333334,28021.256666666664,19879.26,15469.363333333333,14001.980000000001,13248.019999999999,12867.733333333332,12661.913333333332,12684.42,12420.416666666666,12570.93,12493.44,12685.65,12796.04,12523.493333333334,12528.413333333332,2025449.1878148213,1800116.1186960118,1498209.9044704915,1153349.286342273,795759.5537136496,469860.65092134447,250266.58776753323,128240.86782421067,65170.46704506795,37955.75936309432,24238.344615153426,18199.220473876794,15239.273330397991,13719.00640162198,13256.77592093657,13055.563418985565,12642.71679191295,12584.352196665259,1.3592727336015175e-07,1.344291244791986e-07,1.3281180662263012e-07,1.315538026889767e-07,1.2815119607441583e-07,1.2933090789965094e-07,1.2843774575639256e-07,1.2894638839607536e-07,1.3217223350116515e-07,1.3053581198698675e-07,1.3146800116077204e-07,1.2798718477857593e-07,1.2755050354732963e-07,1.286206334188559e-07,1.273887720371965e-07,1.2819193618432379e-07,1.3024963923666893e-07,1.2952353504380367e-07,1.25311815130663e-07,1.283382004424708e-07,1.287432815522053e-07,1.2835763053690075e-07,1.249497881438602e-07,1.250729075742215e-07,1.212518774254727e-07,1.1562548405892874e-07,1.0607518169412623e-07,8.698950528649094e-08,6.266811528732974e-08,4.06398082672927e-08,2.2333645971853803e-08,1.1490127073258766e-08,5.488139060404562e-09,2.5482477084485422e-09,1.2282812882810314e-09,5.757467060563602e-10,0.921903397551703,0.9546904433073925,0.9693662395393425,0.975704448774982,0.9750185091624378,0.9670766996491414,0.9440517404864043,0.8966942424457073,0.8025526911686118,0.6664033720889023,0.4766796082241563,0.3175302928773811,0.17509649394340923,0.08933346670623922,0.04308181147081054,0.01987837756646787,0.009430208755121341,0.0044451126651357045,0.2538127141800024,0.2310236632609313,0.1928844595555471,0.14804118157631962,0.09942998764997325,0.05876683776544887,0.030345293623680242,0.014827912418311459,0.006912969132896648,0.003301752729768672,0.0015189713747164632,0.0007396128306725407,0.0003403485354294222,0.00015763312687348702,7.275502974672265e-05,3.326880956493458e-05,1.5528812468543064e-05,7.245399325083143e-06,0.9970045149533343,0.9932917429494701,0.9858660502231302,0.9766463753053358,0.9699753346848734,0.9731339464107602,0.9652824856480908,0.9103701398443071,0.8097292584443618,0.6630666875471594,0.4850684583064293,0.3201957924671692,0.1789758653930118,0.08381350207603333,0.05305060718410992,0.034509100628687506,-0.00020156027847306746,-0.017556890133648237,69522.78467101124,1221382.7092749411,3.6842516313958547e-07,2.1245732664859732e-07,95.39239088603249,0.691233738894017,0.6973108854162403,0.03323379543275494,0.03072295189534189,,,35030.87998218647,0.0055973430041507885,1000000.0,0.02201692125199878,-0.039517482679562246,0.011377814508171349,0.9428419592271691,4,0.0479161284322651,704.1095811608658,2.8476402540142973,0.28245342580716726,499999.99999962695,0.37343629744597384,0.002788040540851496,0.3163059459038072
